,Accuracy,Precision,Recall,F1,ROC-AUC
Logistic_Regression,0.77856,0.0,0.0,0.0,0.49579121466872883
Random_Forest,0.77864,1.0,0.000361271676300578,0.0007222824124232575,0.4957697581306173
KNN,0.734,0.2217782217782218,0.08020231213872832,0.11780313080392676,0.4981015975246431
XGBoost,0.77296,0.23484848484848486,0.011199421965317919,0.021379310344827585,0.4892474531311994
