Accuracy,Precision,Recall,F1,ROC-AUC
0.734,0.2217782217782218,0.08020231213872832,0.11780313080392676,0.4981015975246431
