Accuracy,Precision,Recall,F1,ROC-AUC
0.77856,0.0,0.0,0.0,0.49579121466872883
