Accuracy,Precision,Recall,F1,ROC-AUC
0.77864,1.0,0.000361271676300578,0.0007222824124232575,0.4957697581306173
