Accuracy,Precision,Recall,F1,ROC-AUC
0.77296,0.23484848484848486,0.011199421965317919,0.021379310344827585,0.4892474531311994
